index_x,var_x,beta_clock1,CHR_x,bp_hg38_x,Gene,Gene.hg19_x,ENTREZID_x,conservationInMouse_x,GeneRegionID_x,annotation_x,CHR_mm10_x,bp_mm10_x,Gene_mm10_x,index_y,var_y,beta_clock2,CHR_y,bp_hg38_y,Gene.hg19_y,ENTREZID_y,conservationInMouse_y,GeneRegionID_y,annotation_y,CHR_mm10_y,bp_mm10_y,Gene_mm10_y,index,var,beta_clock3,CHR,bp_hg38,Gene.hg19,ENTREZID,conservationInMouse,GeneRegionID,annotation,CHR_mm10,bp_mm10,Gene_mm10
98,cg08938156,0.843749159589905,3,147409417,LOC440982,ZIC1,440982,mapped to different gene in human and mouse,LOC440982_fiveUTR,5' UTR,9,91365746.0,Zic1,91,cg03600207,-0.0724759215839745,3,147395953,ZIC4,440982,"mapped in human, not mapped in mouse",LOC440982_Exon,"Exon (ENST00000383075.7/84107, exon 3 of 5)",9,91379300.0,Zic4,4,cg08938156,0.663271651647634,3,147409417,ZIC1,440982,mapped to different gene in human and mouse,LOC440982_fiveUTR,5' UTR,9,91365746.0,Zic1
329,cg27201382,0.444644989559826,11,27720483,BDNF,BDNF,627,conserved gene and region in mouse and human,BDNF_fiveUTR,Promoter (<=1kb),2,109676257.0,Bdnf,803,cg27201382,0.523617881168454,11,27720483,BDNF,627,conserved gene and region in mouse and human,BDNF_fiveUTR,Promoter (<=1kb),2,109676257.0,Bdnf,139,cg27201382,0.81105340494664,11,27720483,BDNF,627,conserved gene and region in mouse and human,BDNF_fiveUTR,Promoter (<=1kb),2,109676257.0,Bdnf
144,cg11904056,0.341790931801053,5,93583204,NR2F1-AS1,NR2F1,441094,mapped to different gene in human and mouse,NR2F1-AS1_Intron,"Intron (ENST00000659336.1/441094, intron 1 of 4)",13,78200408.0,Nr2f1,217,cg08030321,0.0205708227373495,5,93191253,NR2F1-AS1,441094,"mapped in human, not mapped in mouse",NR2F1-AS1_Intergenic_downstream,Distal Intergenic,,,,3,cg06259996,0.0451491107308819,5,93585317,NR2F1,441094,mapped to different gene in human and mouse,NR2F1-AS1_Exon,Promoter (<=1kb),13,78198288.0,Nr2f1
44,cg03820088,0.337643757361881,7,23522229,TRA2A,TRA2A,29896,conserved gene but different region in human and mouse,TRA2A_fiveUTR,5' UTR,6,49252905.0,Tra2a,95,cg03820088,0.0136630935013615,7,23522229,TRA2A,29896,conserved gene but different region in human and mouse,TRA2A_fiveUTR,5' UTR,6,49252905.0,Tra2a,277,cg03820088,0.0431142822533766,7,23522229,TRA2A,29896,conserved gene but different region in human and mouse,TRA2A_fiveUTR,5' UTR,6,49252905.0,Tra2a
58,cg04998737,0.336274571136382,5,77645403,OTP,OTP,23440,conserved gene and region in mouse and human,OTP_Promoter,Promoter (5-6kb),13,94869063.0,Otp,126,cg04998737,0.487512427948954,5,77645403,OTP,23440,conserved gene and region in mouse and human,OTP_Promoter,Promoter (5-6kb),13,94869063.0,Otp,134,cg24352905,1.73821818023407,5,77645452,OTP,23440,conserved gene and region in mouse and human,OTP_Promoter,Promoter (5-6kb),13,94869014.0,Otp
86,cg08074329,0.313706079556188,7,23470655,IGF2BP3,IGF2BP3,10643,conserved gene and region in mouse and human,IGF2BP3_Promoter,Promoter (<=1kb),6,49214967.0,Igf2bp3,219,cg08074329,0.44175478441417,7,23470655,IGF2BP3,10643,conserved gene and region in mouse and human,IGF2BP3_Promoter,Promoter (<=1kb),6,49214967.0,Igf2bp3,267,cg08074329,0.728638706742399,7,23470655,IGF2BP3,10643,conserved gene and region in mouse and human,IGF2BP3_Promoter,Promoter (<=1kb),6,49214967.0,Igf2bp3
56,cg04368876,0.301637629748816,10,96833840,LCOR,LCOR,84458,mapped to different gene in human and mouse,LCOR_Intron,"Intron (ENST00000371103.8/84458, intron 2 of 7)",19,41483958.0,Lcor,110,cg04368876,0.0249002642687048,10,96833840,LCOR,84458,mapped to different gene in human and mouse,LCOR_Intron,"Intron (ENST00000371103.8/84458, intron 2 of 7)",19,41483958.0,Lcor,557,cg04368876,0.199793841497888,10,96833840,LCOR,84458,mapped to different gene in human and mouse,LCOR_Intron,"Intron (ENST00000371103.8/84458, intron 2 of 7)",19,41483958.0,Lcor
235,cg18821963,0.256590390213534,15,72319683,CELF6,CELF6,60677,conserved gene but different region in human and mouse,CELF6_threeUTR,Promoter (<=1kb),9,59578568.0,Celf6,685,cg23087015,0.294324742347268,15,72319625,CELF6,60677,"mapped in human, not mapped in mouse",CELF6_threeUTR,Promoter (<=1kb),9,59578626.0,Celf6,107,cg23087015,0.690743560734564,15,72319625,CELF6,60677,"mapped in human, not mapped in mouse",CELF6_threeUTR,Promoter (<=1kb),9,59578626.0,Celf6
152,cg12651099,0.248216038187399,1,110211650,KCNC4,KCNC4,3749,conserved gene and region in mouse and human,KCNC4_Exon,Promoter (<=1kb),3,107458739.0,Kcnc4,150,cg05675373,0.0109051875871892,1,110211635,KCNC4,3749,"mapped in human, not mapped in mouse",KCNC4_Exon,Promoter (<=1kb),3,107458754.0,Kcnc4,93,cg12651099,0.253632619047786,1,110211650,KCNC4,3749,conserved gene and region in mouse and human,KCNC4_Exon,Promoter (<=1kb),3,107458739.0,Kcnc4
132,cg11084334,0.224047700515474,3,9552580,LHFPL4,LHFPL4,375323,"mapped in human, not mapped in mouse",LHFPL4_Exon,"Exon (ENST00000287585.8/375323, exon 2 of 4)",6,113194124.0,Lhfpl4,308,cg11084334,0.260997205640501,3,9552580,LHFPL4,375323,"mapped in human, not mapped in mouse",LHFPL4_Exon,"Exon (ENST00000287585.8/375323, exon 2 of 4)",6,113194124.0,Lhfpl4,122,cg11084334,0.475738407873118,3,9552580,LHFPL4,375323,"mapped in human, not mapped in mouse",LHFPL4_Exon,"Exon (ENST00000287585.8/375323, exon 2 of 4)",6,113194124.0,Lhfpl4
291,cg23985931,0.19795672997969,13,78594976,OBI1-AS1,OBI1-AS1,100874222,mapped to different gene in human and mouse,OBI1-AS1_Intron,"Intron (ENST00000607205.5/100874222, intron 2 of 3)",14,104459378.0,Pou4f1,711,cg23985931,0.220942669581645,13,78594976,OBI1-AS1,100874222,mapped to different gene in human and mouse,OBI1-AS1_Intron,"Intron (ENST00000607205.5/100874222, intron 2 of 3)",14,104459378.0,Pou4f1,146,cg23985931,0.159317241256797,13,78594976,OBI1-AS1,100874222,mapped to different gene in human and mouse,OBI1-AS1_Intron,"Intron (ENST00000607205.5/100874222, intron 2 of 3)",14,104459378.0,Pou4f1
94,cg08676748,0.179769915695708,15,40925729,DLL4,DLL4,54567,"mapped in human, not mapped in mouse",DLL4_Promoter,Promoter (3-4kb),2,119322279.0,Dll4,237,cg08676748,0.0508559604600063,15,40925729,DLL4,54567,"mapped in human, not mapped in mouse",DLL4_Promoter,Promoter (3-4kb),2,119322279.0,Dll4,15,cg01910711,0.179244862550559,15,40930850,DLL4,54567,"mapped in human, not mapped in mouse",DLL4_Exon,Promoter (<=1kb),2,119327346.0,Dll4
21,cg01429475,0.172114470721531,10,101451718,BTRC,BTRC,8945,conserved gene but different region in human and mouse,BTRC_Intron,"Intron (ENST00000393441.8/8945, intron 2 of 13)",19,45446662.0,Btrc,42,cg01429475,0.119481690758271,10,101451718,BTRC,8945,conserved gene but different region in human and mouse,BTRC_Intron,"Intron (ENST00000393441.8/8945, intron 2 of 13)",19,45446662.0,Btrc,514,cg12314723,-0.166203229825238,10,101430403,BTRC,8945,conserved gene and region in mouse and human,BTRC_Exon,"Exon (ENST00000393441.8/8945, exon 2 of 14)",19,45423191.0,Btrc
314,cg25943666,0.154930766263287,12,53339083,SP7,SP7,121340,conserved gene but different region in human and mouse,SP7_Intron,"Intron (ENST00000547755.1/121340, intron 1 of 1)",15,102370930.0,Sp7,246,cg09008979,-0.0500570581071304,12,53336382,SP7,121340,conserved gene but different region in human and mouse,SP7_Intron,"Intron (ENST00000547755.1/121340, intron 1 of 1)",15,102366997.0,Sp7,422,cg09008979,-0.00294211599559084,12,53336382,SP7,121340,conserved gene but different region in human and mouse,SP7_Intron,"Intron (ENST00000547755.1/121340, intron 1 of 1)",15,102366997.0,Sp7
327,cg26844246,0.150487121937751,5,171309273,TLX3,TLX3,30012,conserved gene and region in mouse and human,TLX3_fiveUTR,Promoter (<=1kb),11,33203551.0,Tlx3,332,cg11700079,0.15026649068966,5,171310377,TLX3,30012,conserved gene and region in mouse and human,TLX3_Exon,"Exon (ENST00000296921.6/30012, exon 2 of 3)",11,33202444.0,Tlx3,14,cg11700079,0.358728283447903,5,171310377,TLX3,30012,conserved gene and region in mouse and human,TLX3_Exon,"Exon (ENST00000296921.6/30012, exon 2 of 3)",11,33202444.0,Tlx3
204,cg16867657,0.144298801859668,6,11044644,ELOVL2-AS1,ELOVL2-AS1,100506409,"mapped in human, not mapped in mouse",ELOVL2-AS1_Exon,"Exon (ENST00000607275.6/100506409, exon 1 of 3)",,,,506,cg16867657,0.103939540396192,6,11044644,ELOVL2-AS1,100506409,"mapped in human, not mapped in mouse",ELOVL2-AS1_Exon,"Exon (ENST00000607275.6/100506409, exon 1 of 3)",,,,66,cg16867657,0.0937017295205689,6,11044644,ELOVL2-AS1,100506409,"mapped in human, not mapped in mouse",ELOVL2-AS1_Exon,"Exon (ENST00000607275.6/100506409, exon 1 of 3)",,,
51,cg04097289,0.131097792505657,12,54161252,SMUG1,SMUG1,23583,"mapped in human, not mapped in mouse",SMUG1_Intron,"Intron (ENST00000634429.1/ENST00000634429.1, intron 4 of 5)",15,103135835.0,Smug1,383,cg13058338,0.302281469151606,12,54173598,SMUG1,23583,mapped to different gene in human and mouse,SMUG1_Intron,"Intron (ENST00000635234.1/23583, intron 2 of 4)",15,103146996.0,Smug1,665,cg13058338,0.204865933573767,12,54173598,SMUG1,23583,mapped to different gene in human and mouse,SMUG1_Intron,"Intron (ENST00000635234.1/23583, intron 2 of 4)",15,103146996.0,Smug1
29,cg02532525,0.129828582908678,17,2050353,MIR212,MIR212,406994,mapped to different gene in human and mouse,MIR212_Exon,Promoter (<=1kb),11,75173399.0,Hic1,68,cg02532525,0.149617321274568,17,2050353,MIR212,406994,mapped to different gene in human and mouse,MIR212_Exon,Promoter (<=1kb),11,75173399.0,Hic1,574,cg02532525,0.645200863534836,17,2050353,MIR212,406994,mapped to different gene in human and mouse,MIR212_Exon,Promoter (<=1kb),11,75173399.0,Hic1
120,cg10125423,0.124808965470033,7,1239561,UNCX,UNCX,340260,conserved gene and region in mouse and human,UNCX_Intergenic_downstream,Distal Intergenic,5,139550633.0,Uncx,196,cg07293320,-0.0929952932833808,7,1237655,UNCX,340260,conserved gene and region in mouse and human,UNCX_Intergenic_downstream,Distal Intergenic,5,139548661.0,Uncx,492,cg26420776,0.100836211739172,7,1237756,UNCX,340260,conserved gene and region in mouse and human,UNCX_Intergenic_downstream,Distal Intergenic,5,139548762.0,Uncx
184,cg15437942,0.118504218826818,9,124018172,LHX2,LHX2,9355,conserved gene and region in mouse and human,LHX2_Intron,"Intron (ENST00000373615.9/9355, intron 3 of 4)",2,38357359.0,Lhx2,462,cg15437942,0.049477061031849,9,124018172,LHX2,9355,conserved gene and region in mouse and human,LHX2_Intron,"Intron (ENST00000373615.9/9355, intron 3 of 4)",2,38357359.0,Lhx2,149,cg15437942,0.122866360908086,9,124018172,LHX2,9355,conserved gene and region in mouse and human,LHX2_Intron,"Intron (ENST00000373615.9/9355, intron 3 of 4)",2,38357359.0,Lhx2
155,cg12830057,0.1095638977884,3,69879222,MITF,MITF,4286,"mapped in human, not mapped in mouse",MITF_Exon,"Exon (ENST00000352241.8/4286, exon 2 of 10)",6,97941141.0,Mitf,371,cg12830057,0.111197139751473,3,69879222,MITF,4286,"mapped in human, not mapped in mouse",MITF_Exon,"Exon (ENST00000352241.8/4286, exon 2 of 10)",6,97941141.0,Mitf,748,cg12830057,0.435922245194697,3,69879222,MITF,4286,"mapped in human, not mapped in mouse",MITF_Exon,"Exon (ENST00000352241.8/4286, exon 2 of 10)",6,97941141.0,Mitf
52,cg04211240,0.106295746233191,15,89372943,MIR9-3HG,MIR9-3HG,254559,mapped to different gene in human and mouse,MIR9-3HG_Intron,"Intron (ENST00000536780.6/254559, intron 1 of 6)",7,79510107.0,Polg,330,cg11677981,0.0612045224008076,15,89360535,MIR9-3,254559,mapped to different gene in human and mouse,MIR9-3HG_Promoter,Promoter (1-2kb),7,79497894.0,Polg,187,cg11677981,0.151532645051346,15,89360535,MIR9-3,254559,mapped to different gene in human and mouse,MIR9-3HG_Promoter,Promoter (1-2kb),7,79497894.0,Polg
14,cg01009870,0.101085274340277,10,129869867,EBF3,EBF3,253738,conserved gene and region in mouse and human,EBF3_Intron,"Intron (ENST00000368648.7/253738, intron 8 of 15)",7,137227748.0,Ebf3,409,cg13935834,0.037263242879031,10,129849719,EBF3,253738,conserved gene and region in mouse and human,EBF3_Intron,"Intron (ENST00000368648.7/253738, intron 10 of 15)",7,137207505.0,Ebf3,761,cg09161688,-0.0217736567881384,10,129873560,EBF3,253738,conserved gene and region in mouse and human,EBF3_Exon,"Exon (ENST00000368648.7/253738, exon 8 of 16)",7,137231272.0,Ebf3
64,cg05575054,0.0956871692899438,10,114045209,ADRB1,ADRB1,153,conserved gene and region in mouse and human,ADRB1_Exon,"Exon (ENST00000369295.4/153, exon 1 of 1)",19,56723415.0,Adrb1,147,cg05575054,0.0656710638885492,10,114045209,ADRB1,153,conserved gene and region in mouse and human,ADRB1_Exon,"Exon (ENST00000369295.4/153, exon 1 of 1)",19,56723415.0,Adrb1,106,cg05575054,0.0941406610227511,10,114045209,ADRB1,153,conserved gene and region in mouse and human,ADRB1_Exon,"Exon (ENST00000369295.4/153, exon 1 of 1)",19,56723415.0,Adrb1
40,cg03564272,0.0932207355851179,1,10673616,CASZ1,CASZ1,54897,mapped to different gene in human and mouse,CASZ1_Intron,"Intron (ENST00000377022.8/54897, intron 4 of 20)",4,148920882.0,Casz1,514,cg17267107,0.0851233199393033,1,10669966,CASZ1,54897,mapped to different gene in human and mouse,CASZ1_Intron,"Intron (ENST00000377022.8/54897, intron 4 of 20)",4,148924608.0,Casz1,238,cg23778391,-0.301420661951112,1,10698402,CASZ1,54897,mapped to different gene in human and mouse,CASZ1_Intron,"Intron (ENST00000377022.8/54897, intron 3 of 20)",4,148897401.0,Casz1
7,cg00513357,0.0914259975501019,11,10806046,EIF4G2,EIF4G2,1982,conserved gene and region in mouse and human,EIF4G2_Exon,"Exon (ENST00000526148.5/1982, exon 4 of 22)",7,111080321.0,Eif4g2,245,cg08981150,0.00396520944088947,11,10804357,EIF4G2,1982,conserved gene but different region in human and mouse,EIF4G2_threeUTR,3' UTR,7,111078492.0,Eif4g2,435,cg11124915,0.0484352384079292,11,10806872,EIF4G2,1982,conserved gene and region in mouse and human,EIF4G2_Exon,"Exon (ENST00000526148.5/1982, exon 3 of 22)",7,111080951.0,Eif4g2
321,cg26512254,0.0889468472797113,7,27200144,HOTTIP,HOXA13,100316868,mapped to different gene in human and mouse,HOTTIP_Intron,"Intron (ENST00000421733.1/100316868, intron 1 of 1)",6,52260841.0,Hoxa13,783,cg26512254,0.693059678134542,7,27200144,HOXA13,100316868,mapped to different gene in human and mouse,HOTTIP_Intron,"Intron (ENST00000421733.1/100316868, intron 1 of 1)",6,52260841.0,Hoxa13,493,cg26512254,2.63829942189619,7,27200144,HOXA13,100316868,mapped to different gene in human and mouse,HOTTIP_Intron,"Intron (ENST00000421733.1/100316868, intron 1 of 1)",6,52260841.0,Hoxa13
47,cg03942000,0.0871068801472832,9,128393488,MIR219A2,MIR219A2,407003,conserved gene but different region in human and mouse,MIR219A2_Exon,Promoter (<=1kb),2,29846471.0,Urm1,100,cg03942000,0.110069982572748,9,128393488,MIR219A2,407003,conserved gene but different region in human and mouse,MIR219A2_Exon,Promoter (<=1kb),2,29846471.0,Urm1,327,cg03942000,0.426064339228351,9,128393488,MIR219A2,407003,conserved gene but different region in human and mouse,MIR219A2_Exon,Promoter (<=1kb),2,29846471.0,Urm1
305,cg24952195,0.0796832098306613,3,18356048,SATB1,SATB1,6304,conserved gene but different region in human and mouse,SATB1_Intron,"Intron (ENST00000414318.2/9779, intron 1 of 8)",17,51746925.0,Satb1,732,cg24952195,0.0658565741696866,3,18356048,SATB1,6304,conserved gene but different region in human and mouse,SATB1_Intron,"Intron (ENST00000414318.2/9779, intron 1 of 8)",17,51746925.0,Satb1,160,cg21132526,0.036681333093625,3,18370886,SATB1,6304,conserved gene but different region in human and mouse,SATB1_Intron,"Intron (ENST00000414318.2/9779, intron 1 of 8)",17,51761485.0,Satb1
199,cg16570119,0.0736429642601426,18,75288831,TSHZ1,TSHZ1,10194,"mapped in human, not mapped in mouse",TSHZ1_threeUTR,3' UTR,,,,565,cg18963985,-0.398256720451636,18,75210780,TSHZ1,10194,conserved gene but different region in human and mouse,TSHZ1_fiveUTR,Promoter (<=1kb),18,84086481.0,Tshz1,163,cg18963985,-1.12112842480444,18,75210780,TSHZ1,10194,conserved gene but different region in human and mouse,TSHZ1_fiveUTR,Promoter (<=1kb),18,84086481.0,Tshz1
225,cg18304538,0.0733461897876857,5,77852294,TBCA,TBCA,6902,conserved gene and region in mouse and human,TBCA_Intron,"Intron (ENST00000522370.1/6902, intron 1 of 3)",13,94702400.0,Gm48316,312,cg11160393,-0.000238263477328321,5,77725227,TBCA,6902,conserved gene and region in mouse and human,TBCA_Intron,"Intron (ENST00000380377.8/6902, intron 1 of 3)",13,94817613.0,Tbca,132,cg18304538,0.275639808107618,5,77852294,TBCA,6902,conserved gene and region in mouse and human,TBCA_Intron,"Intron (ENST00000522370.1/6902, intron 1 of 3)",13,94702400.0,Gm48316
18,cg01153166,0.0721374199280516,15,96331473,NR2F2,NR2F2,7026,conserved gene but different region in human and mouse,NR2F2_fiveUTR,5' UTR,7,70360972.0,Nr2f2,33,cg01153166,0.00985216152363547,15,96331473,NR2F2,7026,conserved gene but different region in human and mouse,NR2F2_fiveUTR,5' UTR,7,70360972.0,Nr2f2,26,cg10040836,-0.00259880412253412,15,96332460,NR2F2,7026,conserved gene and region in mouse and human,NR2F2_Exon,"Exon (ENST00000394166.8/7026, exon 1 of 3)",7,70359974.0,Nr2f2
299,cg24504442,0.0676033346306643,15,37099474,MEIS2,MEIS2,4212,conserved gene and region in mouse and human,MEIS2_fiveUTR,5' UTR,2,116064821.0,Meis2,214,cg07932605,0.0364644691579187,15,37102437,MEIS2,4212,mapped to different gene in human and mouse,MEIS2_Promoter,Promoter (1-2kb),2,116067930.0,Meis2,27,cg11686722,0.248000995781309,15,37099520,MEIS2,4212,conserved gene and region in mouse and human,MEIS2_fiveUTR,5' UTR,2,116064867.0,Meis2
154,cg12815291,0.0674435209256077,8,143439468,ZC3H3,ZC3H3,23144,conserved gene and region in mouse and human,ZC3H3_Intron,"Intron (ENST00000262577.6/23144, intron 11 of 11)",15,75756305.0,Zc3h3,369,cg12815291,0.0335504840572658,8,143439468,ZC3H3,23144,conserved gene and region in mouse and human,ZC3H3_Intron,"Intron (ENST00000262577.6/23144, intron 11 of 11)",15,75756305.0,Zc3h3,86,cg12815291,0.031182490702223,8,143439468,ZC3H3,23144,conserved gene and region in mouse and human,ZC3H3_Intron,"Intron (ENST00000262577.6/23144, intron 11 of 11)",15,75756305.0,Zc3h3
207,cg17116410,0.0664073742295423,12,54037896,HOXC4,HOXC4,3221,conserved gene but different region in human and mouse,HOXC4_Exon,"Exon (ENST00000507650.1/3221, exon 1 of 3)",15,103018923.0,Hoxc4,509,cg17116410,0.0585021552577285,12,54037896,HOXC4,3221,conserved gene but different region in human and mouse,HOXC4_Exon,"Exon (ENST00000507650.1/3221, exon 1 of 3)",15,103018923.0,Hoxc4,59,cg15229894,-0.0145414316823579,12,54033435,HOXC4,3221,"mapped in human, not mapped in mouse",HOXC4_Exon,"Exon (ENST00000312492.2/3222, exon 1 of 2)",15,103014394.0,Hoxc5
206,cg17114460,0.0653099022366005,17,28884283,FLOT2,FLOT2,2319,conserved gene and region in mouse and human,FLOT2_Exon,"Exon (ENST00000394906.6/2319, exon 5 of 13)",11,78054816.0,Flot2,508,cg17114460,0.0166418297951703,17,28884283,FLOT2,2319,conserved gene and region in mouse and human,FLOT2_Exon,"Exon (ENST00000394906.6/2319, exon 5 of 13)",11,78054816.0,Flot2,675,cg17114460,0.321622952098243,17,28884283,FLOT2,2319,conserved gene and region in mouse and human,FLOT2_Exon,"Exon (ENST00000394906.6/2319, exon 5 of 13)",11,78054816.0,Flot2
141,cg11666770,0.0641930264107918,19,41926758,LOC100505585,ARHGEF1,100505585,mapped to different gene in human and mouse,LOC100505585_Intron,"Intron (ENST00000599589.5/9138, intron 19 of 20)",7,24943195.0,Erfl,329,cg11666770,0.00254152965834868,19,41926758,ARHGEF1,100505585,mapped to different gene in human and mouse,LOC100505585_Intron,"Intron (ENST00000599589.5/9138, intron 19 of 20)",7,24943195.0,Erfl,81,cg11666770,0.0712544701400041,19,41926758,ARHGEF1,100505585,mapped to different gene in human and mouse,LOC100505585_Intron,"Intron (ENST00000599589.5/9138, intron 19 of 20)",7,24943195.0,Erfl
285,cg23415880,0.0618381930261313,13,27792287,GSX1,GSX1,219409,conserved gene and region in mouse and human,GSX1_Promoter,Promoter (<=1kb),5,147188486.0,Gsx1,699,cg23415880,0.154549033373989,13,27792287,GSX1,219409,conserved gene and region in mouse and human,GSX1_Promoter,Promoter (<=1kb),5,147188486.0,Gsx1,145,cg23415880,0.0335102488749143,13,27792287,GSX1,219409,conserved gene and region in mouse and human,GSX1_Promoter,Promoter (<=1kb),5,147188486.0,Gsx1
133,cg11235379,0.0581130992776936,2,161417813,TBR1,TBR1,10716,"mapped in human, not mapped in mouse",TBR1_Exon,"Exon (ENST00000389554.8/10716, exon 2 of 6)",2,61806111.0,Tbr1,315,cg11235379,0.107546722126677,2,161417813,TBR1,10716,"mapped in human, not mapped in mouse",TBR1_Exon,"Exon (ENST00000389554.8/10716, exon 2 of 6)",2,61806111.0,Tbr1,80,cg00535482,-0.151438496073004,2,161415802,TBR1,10716,conserved gene but different region in human and mouse,TBR1_Promoter,Promoter (<=1kb),2,61804104.0,Tbr1
216,cg17718834,0.0577195428019935,1,10623271,PEX14,PEX14,5195,conserved gene but different region in human and mouse,PEX14_threeUTR,3' UTR,4,148967378.0,Pex14,212,cg07881279,-0.262479399760947,1,10533813,PEX14,5195,conserved gene and region in mouse and human,PEX14_Intron,"Intron (ENST00000472851.1/5195, intron 3 of 3)",4,149044389.0,Pex14,285,cg07881279,-0.110240832413127,1,10533813,PEX14,5195,conserved gene and region in mouse and human,PEX14_Intron,"Intron (ENST00000472851.1/5195, intron 3 of 3)",4,149044389.0,Pex14
288,cg23597501,0.0560828676945729,X,40189345,BCOR,BCOR,54880,"mapped in human, not mapped in mouse",BCOR_Intergenic_upstream,Distal Intergenic,X,12175457.0,Gm14521,37,cg01301326,-0.00456651723134588,X,40155180,BCOR,54880,conserved gene but different region in human and mouse,BCOR_Intron,"Intron (ENST00000378455.8/54880, intron 1 of 13)",X,12136912.0,Bcor,58,cg12325485,-0.177777193545525,X,40146141,BCOR,54880,"mapped in human, not mapped in mouse",BCOR_Intron,"Intron (ENST00000378455.8/54880, intron 1 of 13)",X,12127920.0,Bcor
27,cg02474352,0.055779339602575,5,78062859,AP3B1,AP3B1,8546,conserved gene and region in mouse and human,AP3B1_Intron,"Intron (ENST00000255194.10/8546, intron 22 of 26)",13,94511629.0,Ap3b1,94,cg03683773,-0.0210620555712931,5,78129253,AP3B1,8546,conserved gene and region in mouse and human,AP3B1_Exon,"Exon (ENST00000255194.10/8546, exon 16 of 27)",13,94471729.0,Ap3b1,572,cg04363039,0.0424823351136433,5,78017237,AP3B1,8546,conserved gene and region in mouse and human,AP3B1_Intron,"Intron (ENST00000255194.10/8546, intron 25 of 26)",13,94546057.0,Ap3b1
8,cg00587168,0.0552986859173748,2,172093840,DLX1,DLX1,1745,mapped to different gene in human and mouse,DLX1_Intergenic_downstream,Distal Intergenic,2,71538098.0,Dlx1,771,cg26067250,0.202248113738094,2,172085721,DLX1,1745,mapped to different gene in human and mouse,DLX1_Exon,Promoter (<=1kb),2,71530037.0,Dlx1,380,cg02007453,-0.0425905821321668,2,172085716,DLX1,1745,mapped to different gene in human and mouse,DLX1_Exon,Promoter (<=1kb),2,71530032.0,Dlx1
26,cg01975510,0.0540414634302898,11,67250350,KDM2A,KDM2A,22992,conserved gene and region in mouse and human,KDM2A_Exon,"Exon (ENST00000529006.7/22992, exon 17 of 21)",19,4324781.0,Kdm2a,55,cg01975510,0.4110086376733,11,67250350,KDM2A,22992,conserved gene and region in mouse and human,KDM2A_Exon,"Exon (ENST00000529006.7/22992, exon 17 of 21)",19,4324781.0,Kdm2a,452,cg05401971,0.951121378636945,11,67250713,KDM2A,22992,"mapped in human, not mapped in mouse",KDM2A_Exon,"Exon (ENST00000529006.7/22992, exon 17 of 21)",19,4324421.0,Kdm2a
220,cg18094982,0.0496004125619953,12,20695438,SLCO1C1,SLCO1C1,53919,"mapped in human, not mapped in mouse",SLCO1C1_fiveUTR,Promoter (<=1kb),6,141524375.0,Slco1c1,541,cg18094982,0.0482305970920599,12,20695438,SLCO1C1,53919,"mapped in human, not mapped in mouse",SLCO1C1_fiveUTR,Promoter (<=1kb),6,141524375.0,Slco1c1,299,cg18094982,0.148648511353672,12,20695438,SLCO1C1,53919,"mapped in human, not mapped in mouse",SLCO1C1_fiveUTR,Promoter (<=1kb),6,141524375.0,Slco1c1
150,cg12449245,0.0492965080122128,14,72619953,DPF3,DPF3,8110,conserved gene and region in mouse and human,DPF3_Exon,"Exon (ENST00000556509.5/8110, exon 10 of 11)",12,83216378.0,Dpf3,353,cg12449245,0.124086525869747,14,72619953,DPF3,8110,conserved gene and region in mouse and human,DPF3_Exon,"Exon (ENST00000556509.5/8110, exon 10 of 11)",12,83216378.0,Dpf3,744,cg12449245,0.137090625873404,14,72619953,DPF3,8110,conserved gene and region in mouse and human,DPF3_Exon,"Exon (ENST00000556509.5/8110, exon 10 of 11)",12,83216378.0,Dpf3
57,cg04706544,0.0441756378396228,10,49396706,DRGX,DRGX,644168,conserved gene and region in mouse and human,DRGX_Promoter,Promoter (<=1kb),14,32598755.0,Prrxl1,116,cg04706544,0.0489706919865141,10,49396706,DRGX,644168,conserved gene and region in mouse and human,DRGX_Promoter,Promoter (<=1kb),14,32598755.0,Prrxl1,558,cg04706544,0.133010484467009,10,49396706,DRGX,644168,conserved gene and region in mouse and human,DRGX_Promoter,Promoter (<=1kb),14,32598755.0,Prrxl1
91,cg08446005,0.0347813125408266,17,78359055,SOCS3,SOCS3,9021,"mapped in human, not mapped in mouse",SOCS3_Exon,"Exon (ENST00000330871.3/9021, exon 2 of 2)",11,117968190.0,Socs3,226,cg08446005,0.0576800242105337,17,78359055,SOCS3,9021,"mapped in human, not mapped in mouse",SOCS3_Exon,"Exon (ENST00000330871.3/9021, exon 2 of 2)",11,117968190.0,Socs3,39,cg08510667,0.0312676026720479,17,78359068,SOCS3,9021,conserved gene and region in mouse and human,SOCS3_Exon,"Exon (ENST00000330871.3/9021, exon 2 of 2)",11,117968203.0,Socs3
153,cg12791299,0.0340682333809495,5,89377985,MEF2C-AS1,MEF2C,101929423,mapped to different gene in human and mouse,MEF2C-AS1_Intron,"Intron (ENST00000514092.5/101929423, intron 5 of 6)",13,82971946.0,Gm48156,199,cg07332354,0.210602176864326,5,88883996,MEF2C,101929423,mapped to different gene in human and mouse,MEF2C-AS1_Promoter,Promoter (<=1kb),13,83524027.0,Mef2c,359,cg07332354,0.0415085270940378,5,88883996,MEF2C,101929423,mapped to different gene in human and mouse,MEF2C-AS1_Promoter,Promoter (<=1kb),13,83524027.0,Mef2c
262,cg21633990,0.0337114645078614,9,134830033,COL5A1,COL5A1,1289,conserved gene and region in mouse and human,COL5A1_Exon,"Exon (ENST00000371817.7/1289, exon 64 of 66)",2,28029024.0,Col5a1,649,cg21633990,0.0106679855618939,9,134830033,COL5A1,1289,conserved gene and region in mouse and human,COL5A1_Exon,"Exon (ENST00000371817.7/1289, exon 64 of 66)",2,28029024.0,Col5a1,635,cg21633990,0.0312355459966012,9,134830033,COL5A1,1289,conserved gene and region in mouse and human,COL5A1_Exon,"Exon (ENST00000371817.7/1289, exon 64 of 66)",2,28029024.0,Col5a1
125,cg10439738,0.0292272498718329,9,125542176,MAPKAP1,MAPKAP1,79109,conserved gene and region in mouse and human,MAPKAP1_Intron,"Intron (ENST00000373511.6/79109, intron 7 of 10)",2,34535014.0,Mapkap1,281,cg10186512,0.0713972822317769,9,125546052,MAPKAP1,79109,conserved gene and region in mouse and human,MAPKAP1_Intron,"Intron (ENST00000373511.6/79109, intron 6 of 10)",2,34531263.0,Mapkap1,487,cg10439738,0.0989386701349916,9,125542176,MAPKAP1,79109,conserved gene and region in mouse and human,MAPKAP1_Intron,"Intron (ENST00000373511.6/79109, intron 7 of 10)",2,34535014.0,Mapkap1
38,cg03320248,0.0259434716134435,9,132099317,MED27,MED27,9442,conserved gene and region in mouse and human,MED27_Intergenic_upstream,Distal Intergenic,2,29320768.0,Med27,86,cg03320248,0.00101529424977803,9,132099317,MED27,9442,conserved gene and region in mouse and human,MED27_Intergenic_upstream,Distal Intergenic,2,29320768.0,Med27,447,cg03320248,0.0886249795515302,9,132099317,MED27,9442,conserved gene and region in mouse and human,MED27_Intergenic_upstream,Distal Intergenic,2,29320768.0,Med27
203,cg16764258,0.0253425044407789,9,123422862,DENND1A,DENND1A,57706,conserved gene and region in mouse and human,DENND1A_Intron,"Intron (ENST00000473039.5/57706, intron 14 of 17)",2,37832437.0,Dennd1a,247,cg09009312,-0.0025398661172542,9,123654382,DENND1A,57706,conserved gene and region in mouse and human,DENND1A_Intron,"Intron (ENST00000473039.5/57706, intron 6 of 17)",2,38023506.0,Dennd1a,100,cg26917960,0.177633091670456,9,123422796,DENND1A,57706,conserved gene and region in mouse and human,DENND1A_Intron,"Intron (ENST00000473039.5/57706, intron 14 of 17)",2,37832371.0,Dennd1a
137,cg11405955,0.0205062433130649,2,145669043,TEX41,PABPC1P2,401014,mapped to different gene in human and mouse,TEX41_Intron,"Intron (ENST00000651680.1/ENST00000651680.1, intron 1 of 1)",2,46341392.0,Gm13469,48,cg01585174,-0.027592912327432,2,144774661,TEX41,401014,mapped to different gene in human and mouse,TEX41_Intron,"Intron (ENST00000654442.1/401014, intron 4 of 8)",2,45359846.0,Gm13475,469,cg25530799,0.00123284534696687,2,144615974,TEX41,401014,mapped to different gene in human and mouse,TEX41_Intergenic_upstream,Distal Intergenic,2,45205900.0,Zeb2
210,cg17357006,0.0194203679430069,10,112538434,VTI1A,VTI1A,143187,conserved gene but different region in human and mouse,VTI1A_Exon,"Exon (ENST00000496445.5/143187, exon 5 of 5)",19,55391972.0,Vti1a,518,cg17357006,0.0151693657960265,10,112538434,VTI1A,143187,conserved gene but different region in human and mouse,VTI1A_Exon,"Exon (ENST00000496445.5/143187, exon 5 of 5)",19,55391972.0,Vti1a,581,cg17357006,0.252350510970709,10,112538434,VTI1A,143187,conserved gene but different region in human and mouse,VTI1A_Exon,"Exon (ENST00000496445.5/143187, exon 5 of 5)",19,55391972.0,Vti1a
165,cg13400013,0.0187539854022778,2,118850010,EN1,EN1,2019,conserved gene and region in mouse and human,EN1_Promoter,Promoter (2-3kb),1,120600234.0,En1,194,cg07279255,0.0637143715880577,2,118847861,EN1,2019,conserved gene and region in mouse and human,EN1_Promoter,Promoter (<=1kb),1,120602318.0,En1,28,cg14297772,-0.212410327377666,2,118847634,EN1,2019,"mapped in human, not mapped in mouse",EN1_fiveUTR,Promoter (<=1kb),1,120602530.0,En1
176,cg14701342,0.0182280684651148,18,77833139,LINC01029,GALR1,101927715,"mapped in human, not mapped in mouse",LINC01029_Intergenic_downstream,Distal Intergenic,18,81852564.0,Gm50297,436,cg14701342,0.0252178475735969,18,77833139,GALR1,101927715,"mapped in human, not mapped in mouse",LINC01029_Intergenic_downstream,Distal Intergenic,18,81852564.0,Gm50297,425,cg14701342,0.0779089836475371,18,77833139,GALR1,101927715,"mapped in human, not mapped in mouse",LINC01029_Intergenic_downstream,Distal Intergenic,18,81852564.0,Gm50297
284,cg23314464,0.0154367192879704,19,35723890,KMT2B,KMT2B,9757,"mapped in human, not mapped in mouse",KMT2B_Exon,"Exon (ENST00000420124.2/9757, exon 8 of 37)",7,30583300.0,Kmt2b,133,cg05196683,0.022048697292165,19,35719524,KMT2B,9757,conserved gene and region in mouse and human,KMT2B_Exon,"Exon (ENST00000420124.2/9757, exon 2 of 37)",7,30587271.0,Kmt2b,311,cg21839725,0.0798026938082029,19,35723809,KMT2B,9757,conserved gene and region in mouse and human,KMT2B_Exon,"Exon (ENST00000420124.2/9757, exon 8 of 37)",7,30583384.0,Kmt2b
166,cg13401299,0.0134695075029389,1,50968722,CDKN2C,CDKN2C,1031,conserved gene and region in mouse and human,CDKN2C_fiveUTR,5' UTR,4,109666730.0,Cdkn2c,667,cg22354333,-0.310264816810504,1,50977563,CDKN2C,1031,"mapped in human, not mapped in mouse",CDKN2C_Intergenic_downstream,Distal Intergenic,4,109657858.0,Cdkn2c,317,cg22354333,-0.749796974222811,1,50977563,CDKN2C,1031,"mapped in human, not mapped in mouse",CDKN2C_Intergenic_downstream,Distal Intergenic,4,109657858.0,Cdkn2c
265,cg21907062,0.0120168736406266,2,174081061,OLA1,OLA1,29789,conserved gene but different region in human and mouse,OLA1_Exon,"Exon (ENST00000462000.1/29789, exon 4 of 4)",2,73099201.0,Ola1,653,cg21907062,0.178163951876331,2,174081061,OLA1,29789,conserved gene but different region in human and mouse,OLA1_Exon,"Exon (ENST00000462000.1/29789, exon 4 of 4)",2,73099201.0,Ola1,479,cg11355954,0.178453330302977,2,174081855,OLA1,29789,conserved gene and region in mouse and human,OLA1_Intron,"Intron (ENST00000284719.8/29789, intron 8 of 10)",2,73100005.0,Ola1
332,cg27547112,0.0104579760757736,9,83973650,HNRNPK,HNRNPK,3190,conserved gene but different region in human and mouse,HNRNPK_Intron,"Intron (ENST00000448389.1/ENST00000448389.1, intron 1 of 1)",13,58395939.0,Hnrnpk,815,cg27547112,0.0294771503870724,9,83973650,HNRNPK,3190,conserved gene but different region in human and mouse,HNRNPK_Intron,"Intron (ENST00000448389.1/ENST00000448389.1, intron 1 of 1)",13,58395939.0,Hnrnpk,605,cg27547112,0.0876893730028635,9,83973650,HNRNPK,3190,conserved gene but different region in human and mouse,HNRNPK_Intron,"Intron (ENST00000448389.1/ENST00000448389.1, intron 1 of 1)",13,58395939.0,Hnrnpk
196,cg16423684,0.00894554742835828,10,75693577,LRMDA,LRMDA,83938,"mapped in human, not mapped in mouse",LRMDA_Intron,"Intron (ENST00000611255.5/83938, intron 2 of 6)",14,22241008.0,Lrmda,745,cg25368206,0.0161057367016222,10,75703821,LRMDA,83938,conserved gene and region in mouse and human,LRMDA_Intron,"Intron (ENST00000611255.5/83938, intron 2 of 6)",14,22250220.0,Lrmda,73,cg18573296,0.112850106946485,10,75693591,LRMDA,83938,conserved gene and region in mouse and human,LRMDA_Intron,"Intron (ENST00000611255.5/83938, intron 2 of 6)",14,22241022.0,Lrmda
283,cg23292987,0.00303996037211594,X,69617284,EDA,EDA,1896,conserved gene but different region in human and mouse,EDA_threeUTR,3' UTR,X,99976780.0,Eda,202,cg07459759,-0.0117100473899215,X,69615634,EDA,1896,conserved gene and region in mouse and human,EDA_Promoter,Promoter (<=1kb),X,99975104.0,Eda,413,cg07459759,-0.0091812952055654,X,69615634,EDA,1896,conserved gene and region in mouse and human,EDA_Promoter,Promoter (<=1kb),X,99975104.0,Eda
3,cg00250826,0.00277010541631579,7,128754670,CALU,CALU,813,conserved gene but different region in human and mouse,CALU_Exon,"Exon (ENST00000542996.6/813, exon 4 of 8)",6,29361701.0,Calu,7,cg00250826,0.00761939729010958,7,128754670,CALU,813,conserved gene but different region in human and mouse,CALU_Exon,"Exon (ENST00000542996.6/813, exon 4 of 8)",6,29361701.0,Calu,202,cg11438204,0.648551985270517,7,128754286,CALU,813,"mapped in human, not mapped in mouse",CALU_Exon,"Exon (ENST00000535011.6/813, exon 3 of 6)",6,29361318.0,Calu
83,cg07875786,0.00260645114670159,5,93583221,NR2F1,NR2F1,7025,mapped to different gene in human and mouse,NR2F1_fiveUTR,Promoter (<=1kb),13,78200391.0,Nr2f1,210,cg07875786,0.182469108109961,5,93583221,NR2F1,7025,mapped to different gene in human and mouse,NR2F1_fiveUTR,Promoter (<=1kb),13,78200391.0,Nr2f1,707,cg07875786,0.493942107409069,5,93583221,NR2F1,7025,mapped to different gene in human and mouse,NR2F1_fiveUTR,Promoter (<=1kb),13,78200391.0,Nr2f1
142,cg11690941,0.000207599648064127,14,93474290,UNC79,UNC79,57578,conserved gene but different region in human and mouse,UNC79_fiveUTR,5' UTR,12,102998687.0,Unc79,197,cg07299823,-0.0117040218704058,14,93430776,UNC79,57578,conserved gene and region in mouse and human,UNC79_fiveUTR,5' UTR,12,102949300.0,Unc79,147,cg12879445,0.357544055061833,14,93431016,UNC79,57578,conserved gene but different region in human and mouse,UNC79_fiveUTR,Promoter (<=1kb),12,102949588.0,Unc79
115,cg09750164,4.45303332396876e-05,14,33800872,NPAS3,NPAS3,64067,"mapped in human, not mapped in mouse",NPAS3_Exon,"Exon (ENST00000551634.5/64067, exon 11 of 11)",12,54068837.0,Npas3,138,cg05332360,0.0153140694855917,14,33567287,NPAS3,64067,"mapped in human, not mapped in mouse",NPAS3_Intron,"Intron (ENST00000551634.5/64067, intron 4 of 10)",12,53838492.0,Npas3,332,cg26957053,0.0223601526307023,14,33800281,NPAS3,64067,conserved gene and region in mouse and human,NPAS3_Exon,"Exon (ENST00000551634.5/64067, exon 11 of 11)",12,54068282.0,Npas3
274,cg22416332,-0.000398777260927903,8,21990865,XPO7,XPO7,23039,conserved gene and region in mouse and human,XPO7_Exon,"Exon (ENST00000252512.14/23039, exon 18 of 28)",14,70682386.0,Xpo7,670,cg22416332,-0.0809809255938909,8,21990865,XPO7,23039,conserved gene and region in mouse and human,XPO7_Exon,"Exon (ENST00000252512.14/23039, exon 18 of 28)",14,70682386.0,Xpo7,172,cg22416332,-0.343624744140177,8,21990865,XPO7,23039,conserved gene and region in mouse and human,XPO7_Exon,"Exon (ENST00000252512.14/23039, exon 18 of 28)",14,70682386.0,Xpo7
33,cg02909927,-0.00114937220182982,17,17784078,RAI1,RAI1,10743,conserved gene and region in mouse and human,RAI1_Intron,"Intron (ENST00000353383.6/10743, intron 2 of 5)",11,60177445.0,Rai1,75,cg02909927,-0.0262855953583561,17,17784078,RAI1,10743,conserved gene and region in mouse and human,RAI1_Intron,"Intron (ENST00000353383.6/10743, intron 2 of 5)",11,60177445.0,Rai1,575,cg02909927,-0.0905810618271065,17,17784078,RAI1,10743,conserved gene and region in mouse and human,RAI1_Intron,"Intron (ENST00000353383.6/10743, intron 2 of 5)",11,60177445.0,Rai1
162,cg13188467,-0.00140652387584108,7,96998781,DLX6-AS1,DLX6-AS1,285987,mapped to different gene in human and mouse,DLX6-AS1_Intron,"Intron (ENST00000430027.3/285987, intron 1 of 2)",6,6856418.0,Dlx6,389,cg13188467,-0.0339613211941408,7,96998781,DLX6-AS1,285987,mapped to different gene in human and mouse,DLX6-AS1_Intron,"Intron (ENST00000430027.3/285987, intron 1 of 2)",6,6856418.0,Dlx6,208,cg13188467,-5.21538442120275e-05,7,96998781,DLX6-AS1,285987,mapped to different gene in human and mouse,DLX6-AS1_Intron,"Intron (ENST00000430027.3/285987, intron 1 of 2)",6,6856418.0,Dlx6
17,cg01136078,-0.00161848628490495,1,41383526,FOXO6,EDN2,100132074,conserved gene but different region in human and mouse,FOXO6_Exon,"Exon (ENST00000372591.1/100132074, exon 2 of 2)",4,120267142.0,Foxo6,128,cg05033071,-0.0278200025897618,1,41362275,SCMH1,100132074,conserved gene and region in mouse and human,FOXO6_Exon,Promoter (<=1kb),4,120286907.0,Foxo6,614,cg05866252,-0.187102817417308,1,41381046,EDN2,100132074,conserved gene and region in mouse and human,FOXO6_Intron,"Intron (ENST00000372591.1/100132074, intron 1 of 1)",4,120269757.0,Foxo6
236,cg18918349,-0.00387530318774471,6,108165956,NR2E1,NR2E1,7101,conserved gene and region in mouse and human,NR2E1_Promoter,Promoter (<=1kb),10,42583724.0,Nr2e1,540,cg18093751,-0.0157573661450464,6,108165979,NR2E1,7101,conserved gene and region in mouse and human,NR2E1_Promoter,Promoter (<=1kb),10,42583701.0,Nr2e1,473,cg18918349,-0.350811425305526,6,108165956,NR2E1,7101,conserved gene and region in mouse and human,NR2E1_Promoter,Promoter (<=1kb),10,42583724.0,Nr2e1
15,cg01019040,-0.00456090490772859,7,104328968,LHFPL3,LHFPL3,375612,conserved gene and region in mouse and human,LHFPL3_Exon,Promoter (<=1kb),5,22746369.0,Lhfpl3,26,cg01019040,-0.022070782068231,7,104328968,LHFPL3,375612,conserved gene and region in mouse and human,LHFPL3_Exon,Promoter (<=1kb),5,22746369.0,Lhfpl3,49,cg01019040,-0.00122507582029106,7,104328968,LHFPL3,375612,conserved gene and region in mouse and human,LHFPL3_Exon,Promoter (<=1kb),5,22746369.0,Lhfpl3
79,cg07323940,-0.00564868397453728,7,14197482,DGKB,DGKB,1607,"mapped in human, not mapped in mouse",DGKB_Intron,"Intron (ENST00000399322.7/1607, intron 22 of 24)",12,38594209.0,Dgkb,198,cg07323940,-0.0794252481160238,7,14197482,DGKB,1607,"mapped in human, not mapped in mouse",DGKB_Intron,"Intron (ENST00000399322.7/1607, intron 22 of 24)",12,38594209.0,Dgkb,266,cg07323940,-0.196453095454077,7,14197482,DGKB,1607,"mapped in human, not mapped in mouse",DGKB_Intron,"Intron (ENST00000399322.7/1607, intron 22 of 24)",12,38594209.0,Dgkb
55,cg04318752,-0.00929123326897593,2,176078557,EVX2,EVX2,344191,"mapped in human, not mapped in mouse",EVX2_threeUTR,3' UTR,2,74654034.0,Evx2,152,cg05690769,-2.11977403026497e-05,2,176075868,EVX2,344191,conserved gene and region in mouse and human,EVX2_Intergenic_downstream,Distal Intergenic,2,74651400.0,Evx2,118,cg09227056,1.43699539133007,2,176075721,EVX2,344191,conserved gene and region in mouse and human,EVX2_Intergenic_downstream,Distal Intergenic,2,74651253.0,Evx2
92,cg08563010,-0.00948497228031474,12,23921603,SOX5,SOX5,6660,conserved gene and region in mouse and human,SOX5_Intron,"Intron (ENST00000451604.7/6660, intron 1 of 14)",6,144181147.0,Sox5,231,cg08563010,-0.207356585774775,12,23921603,SOX5,6660,conserved gene and region in mouse and human,SOX5_Intron,"Intron (ENST00000451604.7/6660, intron 1 of 14)",6,144181147.0,Sox5,140,cg08563010,-0.317955569090523,12,23921603,SOX5,6660,conserved gene and region in mouse and human,SOX5_Intron,"Intron (ENST00000451604.7/6660, intron 1 of 14)",6,144181147.0,Sox5
322,cg26581729,-0.0108395330021374,9,137045340,NPDC1,NPDC1,56654,"mapped in human, not mapped in mouse",NPDC1_Promoter,Promoter (<=1kb),,,,784,cg26581729,-0.127904686406992,9,137045340,NPDC1,56654,"mapped in human, not mapped in mouse",NPDC1_Promoter,Promoter (<=1kb),,,,231,cg26581729,-0.137446366074359,9,137045340,NPDC1,56654,"mapped in human, not mapped in mouse",NPDC1_Promoter,Promoter (<=1kb),,,
31,cg02692845,-0.0109869919799209,3,181712998,SOX2-OT,SOX2-OT,347689,mapped to different gene in human and mouse,SOX2-OT_Exon,"Exon (ENST00000325404.3/6657, exon 1 of 1)",3,34651059.0,Sox2,5,cg00106940,-0.0591449024779653,3,181712691,SOX2-OT,347689,mapped to different gene in human and mouse,SOX2-OT_Exon,"Exon (ENST00000325404.3/6657, exon 1 of 1)",3,34650752.0,Sox2,11,cg02692845,-0.490593662216954,3,181712998,SOX2-OT,347689,mapped to different gene in human and mouse,SOX2-OT_Exon,"Exon (ENST00000325404.3/6657, exon 1 of 1)",3,34651059.0,Sox2
73,cg06679868,-0.0134410179569193,4,157363026,GRIA2,GRIA2,2891,"mapped in human, not mapped in mouse",GRIA2_Exon,"Exon (ENST00000507898.5/2891, exon 15 of 16)",3,80689123.0,Gria2,178,cg06679868,-0.0870598236504753,4,157363026,GRIA2,2891,"mapped in human, not mapped in mouse",GRIA2_Exon,"Exon (ENST00000507898.5/2891, exon 15 of 16)",3,80689123.0,Gria2,579,cg06679868,-0.485470728373709,4,157363026,GRIA2,2891,"mapped in human, not mapped in mouse",GRIA2_Exon,"Exon (ENST00000507898.5/2891, exon 15 of 16)",3,80689123.0,Gria2
65,cg05601676,-0.0140819430558853,10,99537299,NKX2-3,NKX2-3,159296,conserved gene and region in mouse and human,NKX2-3_Intergenic_downstream,Distal Intergenic,19,43616700.0,Nkx2-3,569,cg19090691,-0.0294902559303243,10,99537359,NKX2-3,159296,conserved gene and region in mouse and human,NKX2-3_Intergenic_downstream,Distal Intergenic,19,43616760.0,Nkx2-3,583,cg19090691,-0.229115433590239,10,99537359,NKX2-3,159296,conserved gene and region in mouse and human,NKX2-3_Intergenic_downstream,Distal Intergenic,19,43616760.0,Nkx2-3
72,cg06639082,-0.0258523023095065,2,60557356,BCL11A,BCL11A,53335,conserved gene and region in mouse and human,BCL11A_Promoter,Promoter (2-3kb),11,24074334.0,A830031A19Rik,47,cg01571965,0.011414880779226,2,60460693,BCL11A,53335,conserved gene but different region in human and mouse,BCL11A_threeUTR,3' UTR,11,24164876.0,Bcl11a,156,cg02766818,0.330954772862326,2,60555120,BCL11A,53335,"mapped in human, not mapped in mouse",BCL11A_Promoter,Promoter (<=1kb),11,24076564.0,A830031A19Rik
227,cg18433728,-0.0259672561263109,2,174846961,CHN1,CHN1,1123,conserved gene and region in mouse and human,CHN1_Exon,Promoter (<=1kb),2,73659761.0,Chn1,549,cg18433728,-0.142364204957971,2,174846961,CHN1,1123,conserved gene and region in mouse and human,CHN1_Exon,Promoter (<=1kb),2,73659761.0,Chn1,444,cg18433728,-0.374013640632046,2,174846961,CHN1,1123,conserved gene and region in mouse and human,CHN1_Exon,Promoter (<=1kb),2,73659761.0,Chn1
185,cg15496507,-0.0260677983107873,11,85660576,CREBZF,CREBZF,58487,"mapped in human, not mapped in mouse",CREBZF_threeUTR,3' UTR,7,90447217.0,Crebzf,625,cg20635820,0.0934411183979368,11,85662429,CREBZF,58487,conserved gene and region in mouse and human,CREBZF_threeUTR,3' UTR,7,90445452.0,Crebzf,241,cg20635820,0.184078903131494,11,85662429,CREBZF,58487,conserved gene and region in mouse and human,CREBZF_threeUTR,3' UTR,7,90445452.0,Crebzf
214,cg17516812,-0.0286416759510633,9,16773158,BNC2,BNC2,54796,conserved gene and region in mouse and human,BNC2_Intron,"Intron (ENST00000380672.9/54796, intron 1 of 6)",4,84586639.0,Bnc2,523,cg17516812,-0.0142736425925551,9,16773158,BNC2,54796,conserved gene and region in mouse and human,BNC2_Intron,"Intron (ENST00000380672.9/54796, intron 1 of 6)",4,84586639.0,Bnc2,624,cg17516812,-0.074905312251907,9,16773158,BNC2,54796,conserved gene and region in mouse and human,BNC2_Intron,"Intron (ENST00000380672.9/54796, intron 1 of 6)",4,84586639.0,Bnc2
77,cg07026794,-0.0286482391560676,17,48615048,HOXB7,HOXB8,3217,mapped to different gene in human and mouse,HOXB7_fiveUTR,5' UTR,11,96282601.0,Hoxb8,112,cg04414148,-0.027833876739643,17,48614620,HOXB8,3217,mapped to different gene in human and mouse,HOXB7_Exon,"Exon (ENST00000239144.5/3218, exon 1 of 2)",11,96283046.0,Hoxb8,180,cg07373156,-0.0109210787995403,17,48615626,HOXB8,3217,mapped to different gene in human and mouse,HOXB7_Intron,"Intron (ENST00000567101.2/3217, intron 1 of 1)",11,96282032.0,Hoxb8
261,cg21621248,-0.029870800112035,2,80304717,CTNNA2,CTNNA2,1496,"mapped in human, not mapped in mouse",CTNNA2_fiveUTR,5' UTR,6,77242686.0,Ctnna2,537,cg17986111,-0.214366390351629,2,80303544,CTNNA2,1496,"mapped in human, not mapped in mouse",CTNNA2_Exon,"Exon (ENST00000417012.5/347730, exon 2 of 3)",6,77243836.0,Ctnna2,308,cg21621248,-0.0765265587849114,2,80304717,CTNNA2,1496,"mapped in human, not mapped in mouse",CTNNA2_fiveUTR,5' UTR,6,77242686.0,Ctnna2
117,cg09973880,-0.0347090164356516,15,61226775,RORA,RORA,6095,"mapped in human, not mapped in mouse",RORA_Intron,"Intron (ENST00000335670.11/6095, intron 1 of 10)",,,,205,cg07564343,-0.154170595986907,15,61227291,RORA,6095,conserved gene and region in mouse and human,RORA_Intron,"Intron (ENST00000335670.11/6095, intron 1 of 10)",9,68655809.0,Rora,184,cg07564343,-0.0591424648788666,15,61227291,RORA,6095,conserved gene and region in mouse and human,RORA_Intron,"Intron (ENST00000335670.11/6095, intron 1 of 10)",9,68655809.0,Rora
19,cg01169686,-0.0369562139365971,1,170564460,GORAB,GORAB,92344,"mapped in human, not mapped in mouse",GORAB_Intergenic_downstream,Distal Intergenic,1,163378086.0,Gorab,34,cg01169686,-0.0248403835723503,1,170564460,GORAB,92344,"mapped in human, not mapped in mouse",GORAB_Intergenic_downstream,Distal Intergenic,1,163378086.0,Gorab,342,cg01169686,-0.045590412746671,1,170564460,GORAB,92344,"mapped in human, not mapped in mouse",GORAB_Intergenic_downstream,Distal Intergenic,1,163378086.0,Gorab
330,cg27228973,-0.0380987533524888,1,41404380,FOXO6-AS1,EDN2,101929901,"mapped in human, not mapped in mouse",FOXO6-AS1_Intergenic_upstream,Distal Intergenic,4,120243117.0,Foxo6,805,cg27228973,-0.0994994716334988,1,41404380,EDN2,101929901,"mapped in human, not mapped in mouse",FOXO6-AS1_Intergenic_upstream,Distal Intergenic,4,120243117.0,Foxo6,638,cg27228973,-0.0715201269015911,1,41404380,EDN2,101929901,"mapped in human, not mapped in mouse",FOXO6-AS1_Intergenic_upstream,Distal Intergenic,4,120243117.0,Foxo6
287,cg23510032,-0.0382724970091008,9,2159889,SMARCA2,SMARCA2,6595,conserved gene but different region in human and mouse,SMARCA2_Exon,"Exon (ENST00000635133.1/6595, exon 2 of 6)",19,26749927.0,Smarca2,702,cg23510032,-0.0891450781074018,9,2159889,SMARCA2,6595,conserved gene but different region in human and mouse,SMARCA2_Exon,"Exon (ENST00000635133.1/6595, exon 2 of 6)",19,26749927.0,Smarca2,671,cg23510032,-0.127953179034245,9,2159889,SMARCA2,6595,conserved gene but different region in human and mouse,SMARCA2_Exon,"Exon (ENST00000635133.1/6595, exon 2 of 6)",19,26749927.0,Smarca2
123,cg10402101,-0.0471134172968029,18,55587100,TCF4,TCF4,6925,conserved gene but different region in human and mouse,TCF4_fiveUTR,5' UTR,18,69347314.0,Tcf4,816,cg27593991,-0.0883004220406464,18,55587081,TCF4,6925,conserved gene but different region in human and mouse,TCF4_fiveUTR,5' UTR,18,69347333.0,Tcf4,7,cg27593991,-0.369411123901492,18,55587081,TCF4,6925,conserved gene but different region in human and mouse,TCF4_fiveUTR,5' UTR,18,69347333.0,Tcf4
32,cg02734933,-0.0506187259149126,16,73058998,ZFHX3,ZFHX3,463,conserved gene and region in mouse and human,ZFHX3_fiveUTR,Promoter (<=1kb),8,108703775.0,Zfhx3,120,cg04817453,0.0551068250280881,16,73053847,ZFHX3,463,"mapped in human, not mapped in mouse",ZFHX3_Intron,"Intron (ENST00000397992.5/463, intron 1 of 8)",,,,418,cg14023941,-0.136016045876628,16,73505145,LINC01568,463,conserved gene and region in mouse and human,ZFHX3_Intron,"Intron (ENST00000641206.2/463, intron 2 of 17)",8,108281792.0,Zfhx3
76,cg07005811,-0.0539785156375419,17,28912612,PHF12,PHF12,57649,"mapped in human, not mapped in mouse",PHF12_Exon,"Exon (ENST00000332830.9/57649, exon 9 of 15)",11,78023688.0,Phf12,188,cg07005811,-0.0842482828772442,17,28912612,PHF12,57649,"mapped in human, not mapped in mouse",PHF12_Exon,"Exon (ENST00000332830.9/57649, exon 9 of 15)",11,78023688.0,Phf12,111,cg07005811,-0.0541217425872655,17,28912612,PHF12,57649,"mapped in human, not mapped in mouse",PHF12_Exon,"Exon (ENST00000332830.9/57649, exon 9 of 15)",11,78023688.0,Phf12
67,cg06004718,-0.0540162317712895,1,167398080,POU2F1,POU2F1,5451,"mapped in human, not mapped in mouse",POU2F1_threeUTR,3' UTR,1,165896489.0,Pou2f1,165,cg06004718,-0.151476536826558,1,167398080,POU2F1,5451,"mapped in human, not mapped in mouse",POU2F1_threeUTR,3' UTR,1,165896489.0,Pou2f1,174,cg21673805,-0.0884648343340511,1,167220917,POU2F1,5451,conserved gene and region in mouse and human,POU2F1_fiveUTR,Promoter (<=1kb),1,166002602.0,Pou2f1
116,cg09807427,-0.0572098031268863,13,107866400,FAM155A,FAM155A,728215,conserved gene and region in mouse and human,FAM155A_Exon,"Exon (ENST00000375915.4/728215, exon 1 of 3)",8,9770822.0,Fam155a,666,cg22338839,-0.278932210229152,13,107866521,FAM155A,728215,conserved gene and region in mouse and human,FAM155A_Exon,Promoter (<=1kb),8,9770943.0,Fam155a,54,cg22338839,-0.546324870980167,13,107866521,FAM155A,728215,conserved gene and region in mouse and human,FAM155A_Exon,Promoter (<=1kb),8,9770943.0,Fam155a
71,cg06472065,-0.0603286295025382,6,33426669,SYNGAP1,SYNGAP1,8831,conserved gene but different region in human and mouse,SYNGAP1_Exon,Promoter (<=1kb),17,26947403.0,Syngap1,174,cg06472065,-0.000451428443608997,6,33426669,SYNGAP1,8831,conserved gene but different region in human and mouse,SYNGAP1_Exon,Promoter (<=1kb),17,26947403.0,Syngap1,690,cg06472065,-0.0764217032451365,6,33426669,SYNGAP1,8831,conserved gene but different region in human and mouse,SYNGAP1_Exon,Promoter (<=1kb),17,26947403.0,Syngap1
126,cg10466667,-0.0621130241248296,12,53710077,CALCOCO1,CALCOCO1,57658,conserved gene but different region in human and mouse,CALCOCO1_threeUTR,3' UTR,15,102705885.0,Calcoco1,289,cg10466667,-0.0682723791597606,12,53710077,CALCOCO1,57658,conserved gene but different region in human and mouse,CALCOCO1_threeUTR,3' UTR,15,102705885.0,Calcoco1,141,cg10466667,-0.247705629399094,12,53710077,CALCOCO1,57658,conserved gene but different region in human and mouse,CALCOCO1_threeUTR,3' UTR,15,102705885.0,Calcoco1
151,cg12509499,-0.0622628813929527,17,2191885,SMG6,SMG6,23293,conserved gene and region in mouse and human,SMG6_Intron,"Intron (ENST00000263073.11/23293, intron 10 of 18)",11,75034011.0,Smg6,267,cg09606114,-0.0305371230457778,17,2085784,SMG6,23293,conserved gene but different region in human and mouse,SMG6_Exon,"Exon (ENST00000263073.11/23293, exon 14 of 19)",11,75139309.0,Smg6,40,cg09606114,-0.129866283834726,17,2085784,SMG6,23293,conserved gene but different region in human and mouse,SMG6_Exon,"Exon (ENST00000263073.11/23293, exon 14 of 19)",11,75139309.0,Smg6
48,cg03962027,-0.063363854075052,8,105321706,ZFPM2,ZFPM2,23414,conserved gene and region in mouse and human,ZFPM2_Intron,"Intron (ENST00000518180.1/23414, intron 4 of 4)",15,40658283.0,Zfpm2,349,cg12382554,-0.0484287101037812,8,104869303,LRP12,23414,mapped to different gene in human and mouse,ZFPM2_Intron,"Intron (ENST00000521923.5/ENST00000521923.5, intron 4 of 4)",15,40256401.0,9330182O14Rik,693,cg12382554,-0.184887548082123,8,104869303,LRP12,23414,mapped to different gene in human and mouse,ZFPM2_Intron,"Intron (ENST00000521923.5/ENST00000521923.5, intron 4 of 4)",15,40256401.0,9330182O14Rik
169,cg13935553,-0.0634010186049184,12,26120667,BHLHE41,BHLHE41,79365,"mapped in human, not mapped in mouse",BHLHE41_threeUTR,3' UTR,,,,408,cg13935553,-0.0282745595726817,12,26120667,BHLHE41,79365,"mapped in human, not mapped in mouse",BHLHE41_threeUTR,3' UTR,,,,515,cg13935553,-0.0585749354979313,12,26120667,BHLHE41,79365,"mapped in human, not mapped in mouse",BHLHE41_threeUTR,3' UTR,,,
224,cg18223258,-0.0671181134944846,5,51399170,ISL1,LOC642366,3670,conserved gene and region in mouse and human,ISL1_Intergenic_downstream,Distal Intergenic,13,116294093.0,Isl1,543,cg18223258,-0.0664519545654715,5,51399170,LOC642366,3670,conserved gene and region in mouse and human,ISL1_Intergenic_downstream,Distal Intergenic,13,116294093.0,Isl1,680,cg18223258,-0.325534132161499,5,51399170,LOC642366,3670,conserved gene and region in mouse and human,ISL1_Intergenic_downstream,Distal Intergenic,13,116294093.0,Isl1
147,cg12201500,-0.0747645305702061,5,154811617,LARP1,LARP1,23367,"mapped in human, not mapped in mouse",LARP1_Exon,"Exon (ENST00000336314.9/23367, exon 18 of 19)",11,58057365.0,Larp1,341,cg12201500,-0.000199576809147511,5,154811617,LARP1,23367,"mapped in human, not mapped in mouse",LARP1_Exon,"Exon (ENST00000336314.9/23367, exon 18 of 19)",11,58057365.0,Larp1,131,cg12880090,-0.105456877064622,5,154811604,LARP1,23367,"mapped in human, not mapped in mouse",LARP1_Exon,"Exon (ENST00000336314.9/23367, exon 18 of 19)",11,58057352.0,Larp1
66,cg05844902,-0.0817036337727626,3,143848183,SLC9A9,SLC9A9,285195,"mapped in human, not mapped in mouse",SLC9A9_Exon,Promoter (<=1kb),9,94670200.0,Slc9a9,158,cg05844902,-0.0116175054090987,3,143848183,SLC9A9,285195,"mapped in human, not mapped in mouse",SLC9A9_Exon,Promoter (<=1kb),9,94670200.0,Slc9a9,565,cg05844902,-0.184806276640797,3,143848183,SLC9A9,285195,"mapped in human, not mapped in mouse",SLC9A9_Exon,Promoter (<=1kb),9,94670200.0,Slc9a9
161,cg13084522,-0.0821871417908089,16,71808851,AP1G1,AP1G1,164,conserved gene and region in mouse and human,AP1G1_fiveUTR,Promoter (<=1kb),8,109778873.0,Ap1g1,456,cg15340018,0.127472116584513,16,71756157,AP1G1,164,"mapped in human, not mapped in mouse",AP1G1_threeUTR,3' UTR,8,109843354.0,Ap1g1,419,cg15340018,0.264567727540759,16,71756157,AP1G1,164,"mapped in human, not mapped in mouse",AP1G1_threeUTR,3' UTR,8,109843354.0,Ap1g1
145,cg11948733,-0.0935934138800785,16,30095371,YPEL3,BOLA2,83719,conserved gene and region in mouse and human,YPEL3_fiveUTR,Promoter (<=1kb),7,126777833.0,Ypel3,338,cg11948733,-0.0941050203171475,16,30095371,BOLA2,83719,conserved gene and region in mouse and human,YPEL3_fiveUTR,Promoter (<=1kb),7,126777833.0,Ypel3,502,cg11948733,-0.250775578062517,16,30095371,BOLA2,83719,conserved gene and region in mouse and human,YPEL3_fiveUTR,Promoter (<=1kb),7,126777833.0,Ypel3
292,cg24055081,-0.0938705108438704,6,12013251,HIVEP1,HIVEP1,3096,conserved gene but different region in human and mouse,HIVEP1_Intron,"Intron (ENST00000491710.5/3096, intron 1 of 3)",13,42052911.0,Hivep1,302,cg10792727,-0.209564456508233,6,12013234,HIVEP1,3096,conserved gene but different region in human and mouse,HIVEP1_Intron,"Intron (ENST00000491710.5/3096, intron 1 of 3)",13,42052894.0,Hivep1,411,cg10792727,-1.38687410753356,6,12013234,HIVEP1,3096,conserved gene but different region in human and mouse,HIVEP1_Intron,"Intron (ENST00000491710.5/3096, intron 1 of 3)",13,42052894.0,Hivep1
122,cg10233638,-0.0972680384208614,2,163733520,FIGN,FIGN,55137,conserved gene and region in mouse and human,FIGN_Intron,"Intron (ENST00000409634.5/55137, intron 2 of 2)",2,64095407.0,Fign,283,cg10233638,-0.0315744681293889,2,163733520,FIGN,55137,conserved gene and region in mouse and human,FIGN_Intron,"Intron (ENST00000409634.5/55137, intron 2 of 2)",2,64095407.0,Fign,195,cg16286672,-0.0124041378170907,2,163732790,FIGN,55137,"mapped in human, not mapped in mouse",FIGN_Intron,"Intron (ENST00000409634.5/55137, intron 2 of 2)",2,64094634.0,Fign
277,cg22621796,-0.0973853872840565,1,44565975,RNF220,RNF220,55182,conserved gene and region in mouse and human,RNF220_Intron,"Intron (ENST00000355387.6/55182, intron 2 of 14)",4,117353309.0,Rnf220,284,cg10235290,-0.0521284271923281,1,44581211,RNF220,55182,conserved gene and region in mouse and human,RNF220_Intron,"Intron (ENST00000355387.6/55182, intron 2 of 14)",4,117336021.0,Rnf220,341,cg00935831,0.180607572751954,1,44603247,RNF220,55182,conserved gene and region in mouse and human,RNF220_Intron,"Intron (ENST00000355387.6/55182, intron 2 of 14)",4,117317619.0,Rnf220
179,cg14903956,-0.097409971163029,12,13562916,GRIN2B,GRIN2B,2904,conserved gene and region in mouse and human,GRIN2B_Exon,"Exon (ENST00000609686.3/2904, exon 13 of 13)",6,135732231.0,Grin2b,443,cg14903956,-0.111425700754574,12,13562916,GRIN2B,2904,conserved gene and region in mouse and human,GRIN2B_Exon,"Exon (ENST00000609686.3/2904, exon 13 of 13)",6,135732231.0,Grin2b,142,cg14903956,-0.0837141016283844,12,13562916,GRIN2B,2904,conserved gene and region in mouse and human,GRIN2B_Exon,"Exon (ENST00000609686.3/2904, exon 13 of 13)",6,135732231.0,Grin2b
317,cg26072749,-0.0993963130527768,17,48579912,HOXB3,MIR10A,3213,mapped to different gene in human and mouse,HOXB3_Exon,"Exon (ENST00000548801.1/406902, exon 1 of 1)",11,96317199.0,Hoxb4,772,cg26072749,-0.0777116904518376,17,48579912,MIR10A,3213,mapped to different gene in human and mouse,HOXB3_Exon,"Exon (ENST00000548801.1/406902, exon 1 of 1)",11,96317199.0,Hoxb4,597,cg26072749,-0.141077514017098,17,48579912,MIR10A,3213,mapped to different gene in human and mouse,HOXB3_Exon,"Exon (ENST00000548801.1/406902, exon 1 of 1)",11,96317199.0,Hoxb4
140,cg11642756,-0.100344586115465,19,13022960,NFIX,NFIX,4784,conserved gene and region in mouse and human,NFIX_Intron,"Intron (ENST00000397661.6/4784, intron 1 of 9)",8,84774583.0,Nfix,173,cg06461219,-0.163768176324483,19,13022927,NFIX,4784,"mapped in human, not mapped in mouse",NFIX_Intron,"Intron (ENST00000397661.6/4784, intron 1 of 9)",8,84774616.0,Nfix,310,cg21246299,-0.0796451432510021,19,13091530,NFIX,4784,conserved gene and region in mouse and human,NFIX_Intron,"Intron (ENST00000397661.6/4784, intron 9 of 9)",8,84712673.0,Nfix
139,cg11516694,-0.105323856518218,7,27147848,HOXA-AS3,HOXA-AS3,100133311,mapped to different gene in human and mouse,HOXA-AS3_Intron,"Intron (ENST00000518848.5/100133311, intron 1 of 2)",6,52208723.0,Hoxa6,325,cg11516694,-0.0414135375810544,7,27147848,HOXA-AS3,100133311,mapped to different gene in human and mouse,HOXA-AS3_Intron,"Intron (ENST00000518848.5/100133311, intron 1 of 2)",6,52208723.0,Hoxa6,203,cg11516694,-0.298006472650971,7,27147848,HOXA-AS3,100133311,mapped to different gene in human and mouse,HOXA-AS3_Intron,"Intron (ENST00000518848.5/100133311, intron 1 of 2)",6,52208723.0,Hoxa6
104,cg09461098,-0.10717838580375,16,24815270,TNRC6A,TNRC6A,27327,conserved gene but different region in human and mouse,TNRC6A_threeUTR,3' UTR,7,123186686.0,Tnrc6a,181,cg06779064,-0.0175742810897434,16,24818649,TNRC6A,27327,conserved gene but different region in human and mouse,TNRC6A_threeUTR,3' UTR,7,123188844.0,Tnrc6a,108,cg09461098,-0.331083197044645,16,24815270,TNRC6A,27327,conserved gene but different region in human and mouse,TNRC6A_threeUTR,3' UTR,7,123186686.0,Tnrc6a
219,cg17905888,-0.107558271379458,2,155727368,LINC01876,NR4A2,101929378,"mapped in human, not mapped in mouse",LINC01876_Intergenic_downstream,Distal Intergenic,2,56454784.0,Gm13518,536,cg17905888,-4.5767558389623e-05,2,155727368,NR4A2,101929378,"mapped in human, not mapped in mouse",LINC01876_Intergenic_downstream,Distal Intergenic,2,56454784.0,Gm13518,442,cg17905888,-0.19592542038721,2,155727368,NR4A2,101929378,"mapped in human, not mapped in mouse",LINC01876_Intergenic_downstream,Distal Intergenic,2,56454784.0,Gm13518
252,cg20331456,-0.111206080370049,9,20606794,MLLT3,MLLT3,4300,"mapped in human, not mapped in mouse",MLLT3_Intron,"Intron (ENST00000380338.9/4300, intron 2 of 10)",4,88017650.0,Mllt3,262,cg09377007,-0.110760227997469,9,20603560,MLLT3,4300,"mapped in human, not mapped in mouse",MLLT3_Intron,"Intron (ENST00000380338.9/4300, intron 2 of 10)",,,,211,cg05111574,-0.0483986410030248,9,20619597,MLLT3,4300,conserved gene and region in mouse and human,MLLT3_Intron,"Intron (ENST00000380338.9/4300, intron 2 of 10)",4,88030488.0,Mllt3
60,cg05322294,-0.123889450365819,2,144520585,ZEB2-AS1,ZEB2-AS1,100303491,mapped to different gene in human and mouse,ZEB2-AS1_fiveUTR,5' UTR,2,45113445.0,Zeb2,156,cg05801832,-0.00928795066605225,2,144520304,ZEB2,100303491,mapped to different gene in human and mouse,ZEB2-AS1_fiveUTR,5' UTR,2,45113188.0,Zeb2,526,cg22267613,-0.25416074793691,2,144521227,ZEB2,100303491,mapped to different gene in human and mouse,ZEB2-AS1_Exon,Promoter (<=1kb),2,45114096.0,Zeb2
334,cg27581159,-0.129683554473479,1,217089866,ESRRG,ESRRG,2104,"mapped in human, not mapped in mouse",ESRRG_Intron,"Intron (ENST00000366940.6/2104, intron 1 of 8)",1,187651875.0,Esrrg,350,cg12421693,0.00804391127275863,1,216518256,ESRRG,2104,conserved gene and region in mouse and human,ESRRG_Intron,"Intron (ENST00000616180.4/2104, intron 6 of 6)",1,188199743.0,Esrrg,542,cg12421693,0.0658646401219698,1,216518256,ESRRG,2104,conserved gene and region in mouse and human,ESRRG_Intron,"Intron (ENST00000616180.4/2104, intron 6 of 6)",1,188199743.0,Esrrg
308,cg25033328,-0.131315015459951,3,152446541,MBNL1,MBNL1,4154,conserved gene and region in mouse and human,MBNL1_Intron,"Intron (ENST00000282486.10/4154, intron 5 of 9)",3,60614521.0,Mbnl1,401,cg13702222,-0.121683963143348,3,152299451,MBNL1,4154,conserved gene and region in mouse and human,MBNL1_fiveUTR,5' UTR,3,60528802.0,Mbnl1,124,cg13702222,-0.192364839911124,3,152299451,MBNL1,4154,conserved gene and region in mouse and human,MBNL1_fiveUTR,5' UTR,3,60528802.0,Mbnl1
303,cg24805210,-0.137834731542865,14,23068755,ACIN1,ACIN1,22985,conserved gene and region in mouse and human,ACIN1_Intron,"Intron (ENST00000557515.5/22985, intron 2 of 11)",14,54650971.0,Acin1,183,cg06790494,-0.0832627430672759,14,23068647,ACIN1,22985,conserved gene but different region in human and mouse,ACIN1_threeUTR,3' UTR,14,54650863.0,Acin1,347,cg14472711,-0.0586818948609046,14,23068659,ACIN1,22985,conserved gene but different region in human and mouse,ACIN1_threeUTR,3' UTR,14,54650875.0,Acin1
34,cg02963786,-0.145537422501694,6,10395521,TFAP2A,TFAP2A-AS1,7020,"mapped in human, not mapped in mouse",TFAP2A_Intron,"Intron (ENST00000461628.5/7020, intron 2 of 2)",13,40714178.0,Tfap2a,78,cg02963786,-0.0857781723187696,6,10395521,TFAP2A-AS1,7020,"mapped in human, not mapped in mouse",TFAP2A_Intron,"Intron (ENST00000461628.5/7020, intron 2 of 2)",13,40714178.0,Tfap2a,223,cg02963786,-0.194348322090681,6,10395521,TFAP2A-AS1,7020,"mapped in human, not mapped in mouse",TFAP2A_Intron,"Intron (ENST00000461628.5/7020, intron 2 of 2)",13,40714178.0,Tfap2a
221,cg18168101,-0.145768619393917,8,103141399,BAALC-AS2,BAALC,157556,"mapped in human, not mapped in mouse",BAALC-AS2_Promoter,Promoter (<=1kb),,,,542,cg18168101,-0.082257754555283,8,103141399,BAALC,157556,"mapped in human, not mapped in mouse",BAALC-AS2_Promoter,Promoter (<=1kb),,,,32,cg18168101,-0.129017152147931,8,103141399,BAALC,157556,"mapped in human, not mapped in mouse",BAALC-AS2_Promoter,Promoter (<=1kb),,,
191,cg15746205,-0.150618684894286,22,29290369,EWSR1,EWSR1,2130,conserved gene but different region in human and mouse,EWSR1_Exon,"Exon (ENST00000483415.5/2130, exon 8 of 8)",11,5080731.0,Ewsr1,295,cg10677704,-0.117856204266401,22,29290395,EWSR1,2130,conserved gene but different region in human and mouse,EWSR1_Exon,"Exon (ENST00000483415.5/2130, exon 8 of 8)",11,5080705.0,Ewsr1,117,cg15746205,-0.190510714727857,22,29290369,EWSR1,2130,conserved gene but different region in human and mouse,EWSR1_Exon,"Exon (ENST00000483415.5/2130, exon 8 of 8)",11,5080731.0,Ewsr1
234,cg18814344,-0.152329356928792,5,139660961,CXXC5,CXXC5,51523,"mapped in human, not mapped in mouse",CXXC5_Intron,"Intron (ENST00000502295.1/51523, intron 1 of 1)",,,,544,cg18281552,-0.030558564726515,5,139668241,CXXC5,51523,mapped to different gene in human and mouse,CXXC5_Intron,"Intron (ENST00000502295.1/51523, intron 1 of 1)",18,35848122.0,Cxxc5,681,cg18281552,-0.194942785649748,5,139668241,CXXC5,51523,mapped to different gene in human and mouse,CXXC5_Intron,"Intron (ENST00000502295.1/51523, intron 1 of 1)",18,35848122.0,Cxxc5
167,cg13608832,-0.162165047599732,18,25231172,ZNF521,ZNF521,25925,conserved gene and region in mouse and human,ZNF521_Intron,"Intron (ENST00000361524.8/25925, intron 3 of 7)",18,13850635.0,Zfp521,43,cg01450059,-0.0271344922227443,18,25140479,ZNF521,25925,conserved gene and region in mouse and human,ZNF521_Intron,"Intron (ENST00000361524.8/25925, intron 5 of 7)",18,13765184.0,Zfp521,509,cg13608832,-0.207064319205898,18,25231172,ZNF521,25925,conserved gene and region in mouse and human,ZNF521_Intron,"Intron (ENST00000361524.8/25925, intron 3 of 7)",18,13850635.0,Zfp521
171,cg14361875,-0.165076506924995,2,67846376,LINC01812,C1D,101927701,mapped to different gene in human and mouse,LINC01812_Intergenic_upstream,Distal Intergenic,,,,423,cg14361875,-0.0325726950667191,2,67846376,C1D,101927701,mapped to different gene in human and mouse,LINC01812_Intergenic_upstream,Distal Intergenic,,,,189,cg14361875,-0.0787738026842762,2,67846376,C1D,101927701,mapped to different gene in human and mouse,LINC01812_Intergenic_upstream,Distal Intergenic,,,
212,cg17437489,-0.184440580402886,9,125763666,PBX3,PBX3,5090,conserved gene and region in mouse and human,PBX3_Intron,"Intron (ENST00000342287.9/5090, intron 2 of 7)",2,34355947.0,Pbx3,306,cg10932472,-0.269568326981296,9,125885630,PBX3,5090,conserved gene and region in mouse and human,PBX3_Intron,"Intron (ENST00000342287.9/5090, intron 2 of 7)",2,34254181.0,Pbx3,623,cg17437489,-0.363203186223625,9,125763666,PBX3,5090,conserved gene and region in mouse and human,PBX3_Intron,"Intron (ENST00000342287.9/5090, intron 2 of 7)",2,34355947.0,Pbx3
276,cg22560410,-0.192257772575778,5,140043040,NRG2,NRG2,9542,conserved gene and region in mouse and human,NRG2_Exon,Promoter (<=1kb),18,36197131.0,Nrg2,84,cg03225697,-0.0704152116514903,5,139847724,NRG2,9542,conserved gene and region in mouse and human,NRG2_threeUTR,3' UTR,18,36017728.0,Nrg2,21,cg24312350,0.161830401208885,5,140042541,NRG2,9542,conserved gene and region in mouse and human,NRG2_Exon,Promoter (<=1kb),18,36196599.0,Nrg2
170,cg14241460,-0.196790456187587,18,34225049,NOL4,NOL4,8715,conserved gene and region in mouse and human,NOL4_Promoter,Promoter (1-2kb),18,23041790.0,Nol4,529,cg17769560,-0.000220138110671994,18,34223154,NOL4,8715,"mapped in human, not mapped in mouse",NOL4_Exon,Promoter (<=1kb),,,,602,cg01352789,-0.110863183256351,18,34223228,NOL4,8715,conserved gene and region in mouse and human,NOL4_Exon,Promoter (<=1kb),18,23040017.0,Nol4
309,cg25184118,-0.197577124585713,11,64690444,NRXN2,NRXN2,9379,"mapped in human, not mapped in mouse",NRXN2_Exon,"Exon (ENST00000377551.5/9379, exon 4 of 22)",,,,739,cg25184118,-0.108871608144523,11,64690444,NRXN2,9379,"mapped in human, not mapped in mouse",NRXN2_Exon,"Exon (ENST00000377551.5/9379, exon 4 of 22)",,,,298,cg16925789,-0.0334703087035262,11,64632811,NRXN2,9379,"mapped in human, not mapped in mouse",NRXN2_Intron,"Intron (ENST00000301894.6/9379, intron 2 of 6)",,,
256,cg20615601,-0.209853407276856,5,140115517,PURA,PURA,5813,conserved gene and region in mouse and human,PURA_threeUTR,3' UTR,18,36288498.0,Pura,431,cg14640670,-0.00470275843526206,5,140115352,PURA,5813,conserved gene and region in mouse and human,PURA_threeUTR,3' UTR,18,36288326.0,Pura,133,cg20615601,-0.238719201413297,5,140115517,PURA,5813,conserved gene and region in mouse and human,PURA_threeUTR,3' UTR,18,36288498.0,Pura
331,cg27507315,-0.21075238020074,11,16356733,SOX6,SOX6,55553,"mapped in human, not mapped in mouse",SOX6_Intron,"Intron (ENST00000655819.1/55553, intron 1 of 14)",7,115825016.0,Sox6,454,cg15298634,-2.9133301771233e-05,11,16055889,SOX6,55553,conserved gene and region in mouse and human,SOX6_Exon,"Exon (ENST00000316399.10/55553, exon 9 of 15)",7,115550147.0,Sox6,161,cg27507315,-0.177939564911724,11,16356733,SOX6,55553,"mapped in human, not mapped in mouse",SOX6_Intron,"Intron (ENST00000655819.1/55553, intron 1 of 14)",7,115825016.0,Sox6
229,cg18502834,-0.211022982721567,8,22692929,EGR3,EGR3,1960,conserved gene but different region in human and mouse,EGR3_Exon,Promoter (<=1kb),14,70077459.0,Egr3,58,cg02040024,0.109016144279386,8,22691369,EGR3,1960,"mapped in human, not mapped in mouse",EGR3_threeUTR,3' UTR,14,70079008.0,Egr3,414,cg18502834,-0.171486824746563,8,22692929,EGR3,1960,conserved gene but different region in human and mouse,EGR3_Exon,Promoter (<=1kb),14,70077459.0,Egr3
180,cg14919591,-0.287442301238698,19,33796112,KCTD15,KCTD15,79047,conserved gene and region in mouse and human,KCTD15_Promoter,Promoter (<=1kb),7,34655153.0,Kctd15,444,cg14919591,-0.290249892519769,19,33796112,KCTD15,79047,conserved gene and region in mouse and human,KCTD15_Promoter,Promoter (<=1kb),7,34655153.0,Kctd15,649,cg14919591,-0.885338832501984,19,33796112,KCTD15,79047,conserved gene and region in mouse and human,KCTD15_Promoter,Promoter (<=1kb),7,34655153.0,Kctd15
174,cg14443903,-0.289068334108862,19,30718448,ZNF536,ZNF536,9745,conserved gene and region in mouse and human,ZNF536_Intergenic_downstream,Distal Intergenic,7,37312574.0,Zfp536,425,cg14443903,-0.103686704492999,19,30718448,ZNF536,9745,conserved gene and region in mouse and human,ZNF536_Intergenic_downstream,Distal Intergenic,7,37312574.0,Zfp536,312,cg23567910,0.257780998620881,19,30224550,ZNF536,9745,conserved gene and region in mouse and human,ZNF536_Promoter,Promoter (3-4kb),7,37773800.0,Zfp536
128,cg10501210,-0.392054907747572,1,207823675,MIR29B2CHG,LOC148696,100128537,"mapped in human, not mapped in mouse",MIR29B2CHG_Intron,"Intron (ENST00000608023.5/100128537, intron 2 of 4)",,,,291,cg10501210,-0.363250508951579,1,207823675,LOC148696,100128537,"mapped in human, not mapped in mouse",MIR29B2CHG_Intron,"Intron (ENST00000608023.5/100128537, intron 2 of 4)",,,,17,cg10501210,-0.277377634486252,1,207823675,LOC148696,100128537,"mapped in human, not mapped in mouse",MIR29B2CHG_Intron,"Intron (ENST00000608023.5/100128537, intron 2 of 4)",,,
103,cg09360996,-0.437834134650699,1,213996654,PROX1,PROX1,5629,"mapped in human, not mapped in mouse",PROX1_Exon,"Exon (ENST00000471129.1/5629, exon 2 of 2)",,,,257,cg09360996,-0.160077528620394,1,213996654,PROX1,5629,"mapped in human, not mapped in mouse",PROX1_Exon,"Exon (ENST00000471129.1/5629, exon 2 of 2)",,,,219,cg09360996,-0.265217430341533,1,213996654,PROX1,5629,"mapped in human, not mapped in mouse",PROX1_Exon,"Exon (ENST00000471129.1/5629, exon 2 of 2)",,,
74,cg06736685,-0.442681022154665,16,85555743,GSE1,GSE1,23199,mapped to different gene in human and mouse,GSE1_Intron,"Intron (ENST00000637419.1/23199, intron 2 of 2)",8,120488490.0,Gse1,180,cg06736685,-0.098155659277975,16,85555743,GSE1,23199,mapped to different gene in human and mouse,GSE1_Intron,"Intron (ENST00000637419.1/23199, intron 2 of 2)",8,120488490.0,Gse1,718,cg06736685,-0.232400341718173,16,85555743,GSE1,23199,mapped to different gene in human and mouse,GSE1_Intron,"Intron (ENST00000637419.1/23199, intron 2 of 2)",8,120488490.0,Gse1
192,cg15809488,-0.664041583899586,3,25428622,RARB,RARB,5915,"mapped in human, not mapped in mouse",RARB_fiveUTR,5' UTR,,,,470,cg15809488,-0.225806446040686,3,25428622,RARB,5915,"mapped in human, not mapped in mouse",RARB_fiveUTR,5' UTR,,,,104,cg15809488,-0.471813578285079,3,25428622,RARB,5915,"mapped in human, not mapped in mouse",RARB_fiveUTR,5' UTR,,,
11,cg00694357,-0.80847113378818,1,155004171,ZBTB7B,ZBTB7B,51043,conserved gene but different region in human and mouse,ZBTB7B_Intron,"Intron (ENST00000417934.6/51043, intron 1 of 4)",3,89391821.0,Zbtb7b,19,cg00694357,-0.226399968883554,1,155004171,ZBTB7B,51043,conserved gene but different region in human and mouse,ZBTB7B_Intron,"Intron (ENST00000417934.6/51043, intron 1 of 4)",3,89391821.0,Zbtb7b,324,cg09642734,-0.065665659204491,1,155007795,ZBTB7B,51043,"mapped in human, not mapped in mouse",ZBTB7B_Intron,"Intron (ENST00000417934.6/51043, intron 1 of 4)",3,89388223.0,Zbtb7b
163,cg13242392,-0.842267016280773,5,36876728,NIPBL-DT,NIPBL,646719,mapped to different gene in human and mouse,NIPBL-DT_Promoter,Promoter (<=1kb),15,8444671.0,Nipbl,195,cg07292994,-0.175028627944196,5,36876731,NIPBL-DT,646719,mapped to different gene in human and mouse,NIPBL-DT_Promoter,Promoter (<=1kb),15,8444668.0,Nipbl,173,cg07292994,-0.213066625656005,5,36876731,NIPBL-DT,646719,mapped to different gene in human and mouse,NIPBL-DT_Promoter,Promoter (<=1kb),15,8444668.0,Nipbl
